source_permit_id,permit_file_date,address_raw,parcel_num_raw,parcel_num_normalized,match_warning
BU2026-01829,2026-06-08,"910 W 8TH ST KANNAPOLIS, NC 28081",148 279,148279,invalid or placeholder parcel number
BU2026-01790,2026-06-04,"902 W 8TH ST KANNAPOLIS, NC 28081",148 280,148280,invalid or placeholder parcel number
BU2026-01740,2026-06-03,"1005 W B ST KANNAPOLIS, NC 28081",148 030,148030,invalid or placeholder parcel number
BU2026-01741,2026-06-03,"906 W 8TH ST KANNAPOLIS, NC 28081",148 278,148278,invalid or placeholder parcel number
BU2026-01708,2026-06-01,"2703 GLENDALE AVE KANNAPOLIS, NC 28081",156 230,156230,invalid or placeholder parcel number
BU2026-01709,2026-06-01,"2705 GLENDALE AVE KANNAPOLIS, NC 28081",156 414,156414,invalid or placeholder parcel number
BU2026-01710,2026-06-01,"2707 GLENDALE AVE KANNAPOLIS, NC 28081",156 230,156230,invalid or placeholder parcel number
BU2026-01676,2026-05-29,"424 SAND DUNES DR KANNAPOLIS, NC 28081",154I088,154088,invalid or placeholder parcel number
BU2026-01677,2026-05-29,"420 SAND DUNES DR KANNAPOLIS, NC 28081",154I089,154089,invalid or placeholder parcel number
BU2026-01678,2026-05-29,"416 SAND DUNES DR KANNAPOLIS, NC 28081",154I090,154090,invalid or placeholder parcel number
BU2026-01679,2026-05-29,"412 SAND DUNES DR KANNAPOLIS, NC 28081",154I091,154091,invalid or placeholder parcel number
BU2026-01680,2026-05-29,"408 SAND DUNES DR KANNAPOLIS, NC 28081",154I092,154092,invalid or placeholder parcel number
BU2026-01681,2026-05-29,"404 SAND DUNES DR KANNAPOLIS, NC 28081",154I093,154093,invalid or placeholder parcel number
BU2026-01662,2026-05-28,"1745 PLAZA AVE KANNAPOLIS, NC 28081",159 026,159026,invalid or placeholder parcel number
BU2026-01622,2026-05-26,"416 W 18TH ST KANNAPOLIS, NC 28081",154I053,154053,invalid or placeholder parcel number
BU2026-01627,2026-05-26,"2501 GLENWOOD ST A KANNAPOLIS, NC 28083",145A224,145224,invalid or placeholder parcel number
BU2026-01575,2026-05-20,"422 W 18TH ST KANNAPOLIS, NC 28081",154I052,154052,invalid or placeholder parcel number
BU2026-01542,2026-05-18,"3140 LAVENDER LN KANNAPOLIS, NC 28083",158B053,158053,invalid or placeholder parcel number
BU2026-01548,2026-05-18,"410 W 18TH ST KANNAPOLIS, NC 28081",154I054,154054,invalid or placeholder parcel number
BU2026-01549,2026-05-18,"1345 WINGED WAY KANNAPOLIS, NC 28083",158B005,158005,invalid or placeholder parcel number
BU2026-01480,2026-05-12,"630 HOT SPRINGS DR KANNAPOLIS, NC 28081",154I236,154236,invalid or placeholder parcel number
BU2026-01487,2026-05-12,"612 HOT SPRINGS DR KANNAPOLIS, NC 28081",154I233,154233,invalid or placeholder parcel number
BU2026-01490,2026-05-12,"618 HOT SPRINGS DR KANNAPOLIS, NC 28081",154I234,154234,invalid or placeholder parcel number
BU2026-01493,2026-05-12,"624 HOT SPRINGS DR KANNAPOLIS, NC 28081",154I235,154235,invalid or placeholder parcel number
BU2026-01455,2026-05-11,"637 HOT SPRINGS DR KANNAPOLIS, NC 28081",154I223,154223,invalid or placeholder parcel number
BU2026-01457,2026-05-11,"625 HOT SPRINGS DR KANNAPOLIS, NC 28081",154I225,154225,invalid or placeholder parcel number
BU2026-01458,2026-05-11,"2501 GLENWOOD ST B KANNAPOLIS, NC 28083",145A225,145225,invalid or placeholder parcel number
BU2026-01447,2026-05-08,"631 HOT SPRINGS DR KANNAPOLIS, NC 28081",154I224,154224,invalid or placeholder parcel number
BU2026-01431,2026-05-07,"211 W 18TH ST KANNAPOLIS, NC 28081",159 005,159005,invalid or placeholder parcel number
BU2026-01353,2026-05-04,"397 W 18TH ST KANNAPOLIS, NC 28081",154I031,154031,invalid or placeholder parcel number
BU2026-01355,2026-05-04,"601 HOT SPRINGS DR KANNAPOLIS, NC 28081",154I230,154230,invalid or placeholder parcel number
BU2026-01360,2026-05-04,"404 W 18TH ST KANNAPOLIS, NC 28081",154I055,154055,invalid or placeholder parcel number
BU2026-01370,2026-05-04,"3145 LAVENDER LN KANNAPOLIS, NC 28083",158B023,158023,invalid or placeholder parcel number
BU2026-01325,2026-05-01,"566 HARPERSFIELD DR KANNAPOLIS, NC 28081",244F017,244017,invalid or placeholder parcel number
BU2026-01302,2026-04-30,"606 HOT SPRINGS DR KANNAPOLIS, NC 28081",154I232,154232,invalid or placeholder parcel number
BU2026-01307,2026-04-30,"613 HOT SPRINGS DR KANNAPOLIS, NC 28081",154I228,154228,invalid or placeholder parcel number
BU2026-01322,2026-04-30,"391 W 18TH ST KANNAPOLIS, NC 28081",154I030,154030,invalid or placeholder parcel number
BU2026-01286,2026-04-29,"3160 LAVENDER LN KANNAPOLIS, NC 28083",158B051,158051,invalid or placeholder parcel number
BU2026-01296,2026-04-29,"3130 LAVENDER LN KANNAPOLIS, NC 28083",158B054,158054,invalid or placeholder parcel number
BU2026-01269,2026-04-28,"407 KIMBALL ST KANNAPOLIS, NC 28081",152A028,152028,invalid or placeholder parcel number
BU2026-01271,2026-04-28,"409 KIMBALL ST KANNAPOLIS, NC 28081",152A023,152023,invalid or placeholder parcel number
BU2026-01272,2026-04-28,"3150 LAVENDER LN KANNAPOLIS, NC 28083",158B052,158052,invalid or placeholder parcel number
BU2026-01273,2026-04-28,"3190 LAVENDER LN KANNAPOLIS, NC 28083",158B048,158048,invalid or placeholder parcel number
BU2026-01275,2026-04-28,"3155 LAVENDER LN KANNAPOLIS, NC 28083",158B024,158024,invalid or placeholder parcel number
BU2026-01277,2026-04-28,"3180 LAVENDER LN KANNAPOLIS, NC 28083",158B049,158049,invalid or placeholder parcel number
BU2026-01243,2026-04-27,"307 W 13TH ST KANNAPOLIS, NC 28081",152A024,152024,invalid or placeholder parcel number
BU2026-01244,2026-04-27,"3170 LAVENDER LN KANNAPOLIS, NC 28083",158B050,158050,invalid or placeholder parcel number
BU2026-01251,2026-04-27,"607 HOT SPRINGS DR KANNAPOLIS, NC 28081",154I229,154229,invalid or placeholder parcel number
BU2026-01252,2026-04-27,"600 HOT SPRINGS DR KANNAPOLIS, NC 28081",154I231,154231,invalid or placeholder parcel number
BU2026-01218,2026-04-23,"2400 OLD BEATTY FORD RD CHINA GROVE, NC 28023",147 147,147147,invalid or placeholder parcel number
BU2026-01198,2026-04-22,"571 HARPERSFIELD DR KANNAPOLIS, NC 28081",244F025,244025,invalid or placeholder parcel number
BU2026-01199,2026-04-22,"553 HARPERSFIELD DR KANNAPOLIS, NC 28081",244F028,244028,invalid or placeholder parcel number
BU2026-01154,2026-04-20,"541 HARPERSFIELD DR KANNAPOLIS, NC 28081",244F030,244030,invalid or placeholder parcel number
BU2026-01155,2026-04-20,"554 HARPERSFIELD DR KANNAPOLIS, NC 28081",244F015,244015,invalid or placeholder parcel number
BU2026-01156,2026-04-20,"548 HARPERSFIELD DR KANNAPOLIS, NC 28081",244F014,244014,invalid or placeholder parcel number
BU2026-01157,2026-04-20,"560 HARPERSFIELD DR KANNAPOLIS, NC 28081",244F016,244016,invalid or placeholder parcel number
BU2026-01158,2026-04-20,"547 HARPERSFIELD DR KANNAPOLIS, NC 28081",244F029,244029,invalid or placeholder parcel number
BU2026-01159,2026-04-20,"559 HARPERSFIELD DR KANNAPOLIS, NC 28081",244F027,244027,invalid or placeholder parcel number
BU2026-01160,2026-04-20,"565 HARPERSFIELD DR KANNAPOLIS, NC 28081",244F026,244026,invalid or placeholder parcel number
BU2026-01162,2026-04-20,"577 HARPERSFIELD DR KANNAPOLIS, NC 28081",244F024,244024,invalid or placeholder parcel number
BU2026-01096,2026-04-15,"1017 ELM ST KANNAPOLIS, NC 28081",148 283,148283,invalid or placeholder parcel number
BU2026-01079,2026-04-14,"367 W 18TH ST KANNAPOLIS, NC 28081",154I026,154026,invalid or placeholder parcel number
BU2026-01066,2026-04-13,"385 W 18TH ST KANNAPOLIS, NC 28081",154I029,154029,invalid or placeholder parcel number
BU2026-01042,2026-04-09,"379 W 18TH ST KANNAPOLIS, NC 28081",154I028,154028,invalid or placeholder parcel number
BU2026-00912,2026-03-30,"440 SAND DUNES DR KANNAPOLIS, NC 28081",154I084,154084,invalid or placeholder parcel number
BU2026-00918,2026-03-30,"355 W 18TH ST KANNAPOLIS, NC 28081",154I024,154024,invalid or placeholder parcel number
BU2026-00919,2026-03-30,"436 SAND DUNES DR KANNAPOLIS, NC 28081",154I085,154085,invalid or placeholder parcel number
BU2026-00920,2026-03-30,"361 W 18TH ST KANNAPOLIS, NC 28081",154I025,154025,invalid or placeholder parcel number
BU2026-00921,2026-03-30,"432 SAND DUNES DR KANNAPOLIS, NC 28081",154I086,154086,invalid or placeholder parcel number
BU2026-00923,2026-03-30,"428 SAND DUNES DR KANNAPOLIS, NC 28081",154I087,154087,invalid or placeholder parcel number
BU2026-00928,2026-03-30,"349 W 18TH ST KANNAPOLIS, NC 28081",154I023,154023,invalid or placeholder parcel number
BU2026-00805,2026-03-17,"456 SAND DUNES DR KANNAPOLIS, NC 28081",154I080,154080,invalid or placeholder parcel number
BU2026-00743,2026-03-11,"749 JACK ST KANNAPOLIS, NC 28081",154 092,154092,invalid or placeholder parcel number
BU2026-00701,2026-03-10,"444 SAND DUNES DR KANNAPOLIS, NC 28081",154I083,154083,invalid or placeholder parcel number
BU2026-00705,2026-03-10,"448 SAND DUNES DR KANNAPOLIS, NC 28081",154I082,154082,invalid or placeholder parcel number
BU2026-00697,2026-03-09,"452 SAND DUNES DR KANNAPOLIS, NC 28081",154I081,154081,invalid or placeholder parcel number
BU2026-00605,2026-03-02,"343 W 18TH ST KANNAPOLIS, NC 28081",154I022,154022,invalid or placeholder parcel number
BU2026-00582,2026-02-27,"120 HOMESTEAD AVE KANNAPOLIS, NC 28081",249C059,249059,invalid or placeholder parcel number
BU2026-00585,2026-02-27,"331 W 18TH ST KANNAPOLIS, NC 28081",154I020,154020,invalid or placeholder parcel number
BU2026-00587,2026-02-27,"337 W 18TH ST KANNAPOLIS, NC 28081",154I021,154021,invalid or placeholder parcel number
BU2026-00435,2026-02-18,"313 W 18TH ST KANNAPOLIS, NC 28081",154I017,154017,invalid or placeholder parcel number
BU2026-00437,2026-02-18,"319 W 18TH ST KANNAPOLIS, NC 28081",154I018,154018,invalid or placeholder parcel number
BU2026-00438,2026-02-18,"325 W 18TH ST KANNAPOLIS, NC 28081",154I019,154019,invalid or placeholder parcel number
BU2026-00340,2026-02-06,"1700 CHAPMAN AVE KANNAPOLIS, NC 28081",154 052,154052,invalid or placeholder parcel number
BU2026-00329,2026-02-05,"1150 SLOOP AVE KANNAPOLIS, NC 28083",151 083,151083,invalid or placeholder parcel number
BU2026-00303,2026-02-03,"901 W 8TH ST KANNAPOLIS, NC 28081",148 102,148102,invalid or placeholder parcel number
BU2026-00249,2026-01-29,"2108 MOOSE RD KANNAPOLIS, NC 28083",158 07401,15807401,invalid or placeholder parcel number
BU2026-00210,2026-01-27,"2407 N MAIN ST A KANNAPOLIS, NC 28081",160 044,160044,invalid or placeholder parcel number
BU2026-00218,2026-01-27,"1201 GUINN AVE KANNAPOLIS, NC 28083",158 434,158434,invalid or placeholder parcel number
BU2026-00180,2026-01-22,"1405 SANCTUARY ST KANNAPOLIS, NC 28083",158B014,158014,invalid or placeholder parcel number
BU2026-00149,2026-01-20,"489 SAND DUNES DR KANNAPOLIS, NC 28081",154I150,154150,invalid or placeholder parcel number
BU2026-00137,2026-01-16,"502 SAND DUNES DR KANNAPOLIS, NC 28081",154I068,154068,invalid or placeholder parcel number
BU2026-00143,2026-01-16,"483 SAND DUNES DR KANNAPOLIS, NC 28081",154I149,154149,invalid or placeholder parcel number
BU2026-00117,2026-01-14,"295 W 18TH ST KANNAPOLIS, NC 28081",154I014,154014,invalid or placeholder parcel number
BU2026-00109,2026-01-13,"301 W 18TH ST KANNAPOLIS, NC 28081",154I015,154015,invalid or placeholder parcel number
BU2026-00102,2026-01-12,"307 W 18TH ST KANNAPOLIS, NC 28081",154I016,154016,invalid or placeholder parcel number
BU2026-00032,2026-01-06,"2555 WINFIELD ST KANNAPOLIS, NC 28083",145A06008,14506008,invalid or placeholder parcel number
BU2025-03823,2025-12-31,"460 SAND DUNES DR KANNAPOLIS, NC 28081",154I079,154079,invalid or placeholder parcel number
BU2025-03799,2025-12-29,"464 SAND DUNES DR KANNAPOLIS, NC 28081",154I078,154078,invalid or placeholder parcel number
BU2025-03790,2025-12-23,"476 SAND DUNES DR KANNAPOLIS, NC 28081",154I075,154075,invalid or placeholder parcel number
BU2025-03791,2025-12-23,"484 SAND DUNES DR KANNAPOLIS, NC 28081",154I073,154073,invalid or placeholder parcel number
BU2025-03794,2025-12-23,"472 SAND DUNES DR KANNAPOLIS, NC 28081",154I076,154076,invalid or placeholder parcel number
BU2025-03795,2025-12-23,"468 SAND DUNES DR KANNAPOLIS, NC 28081",154I077,154077,invalid or placeholder parcel number
BU2025-03779,2025-12-22,"504 E 24TH ST KANNAPOLIS, NC 28083",162 085,162085,invalid or placeholder parcel number
BU2025-03783,2025-12-22,"494 SAND DUNES DR KANNAPOLIS, NC 28081",154I070,154070,invalid or placeholder parcel number
BU2025-03786,2025-12-22,"488 SAND DUNES DR KANNAPOLIS, NC 28081",154I072,154072,invalid or placeholder parcel number
BU2025-03787,2025-12-22,"480 SAND DUNES DR KANNAPOLIS, NC 28081",154I074,154074,invalid or placeholder parcel number
BU2025-03776,2025-12-19,"490 SAND DUNES DR KANNAPOLIS, NC 28081",154I071,154071,invalid or placeholder parcel number
BU2025-03743,2025-12-17,"1712 CHAPMAN AVE KANNAPOLIS, NC 28081",154 052,154052,invalid or placeholder parcel number
BU2025-03693,2025-12-12,"362 W 18TH ST KANNAPOLIS, NC 28081",154I163,154163,invalid or placeholder parcel number
BU2025-03708,2025-12-12,"368 W 18TH ST KANNAPOLIS, NC 28081",154I162,154162,invalid or placeholder parcel number
BU2025-03712,2025-12-12,"495 SAND DUNES DR KANNAPOLIS, NC 28081",154I151,154151,invalid or placeholder parcel number
BU2025-03713,2025-12-12,"1706 CHAPMAN AVE KANNAPOLIS, NC 28081",154 052,154052,invalid or placeholder parcel number
BU2025-03675,2025-12-10,"301 W 9TH ST KANNAPOLIS, NC 28081",149 404,149404,invalid or placeholder parcel number
BU2025-03676,2025-12-10,"303 W 9TH ST KANNAPOLIS, NC 28081",149 403,149403,invalid or placeholder parcel number
BU2025-03628,2025-12-05,"3133 CLERMONT AVE KANNAPOLIS, NC 28081",156 036,156036,invalid or placeholder parcel number
BU2025-03630,2025-12-05,"3103 CLERMONT AVE KANNAPOLIS, NC 28081",156 412,156412,invalid or placeholder parcel number
BU2025-03616,2025-12-04,"501 SNOW ST KANNAPOLIS, NC 28081",160 00104,16000104,invalid or placeholder parcel number
BU2025-03617,2025-12-04,"356 W 18TH ST KANNAPOLIS, NC 28081",154I164,154164,invalid or placeholder parcel number
BU2025-03626,2025-12-04,"275 AIRPORT RD KANNAPOLIS, NC 28081",156 413,156413,invalid or placeholder parcel number
BU2025-03489,2025-11-19,"374 W 18TH ST KANNAPOLIS, NC 28081",154I161,154161,invalid or placeholder parcel number
BU2025-03448,2025-11-14,"2412 SUMMIT AVE KANNAPOLIS, NC 28081",160 053A,160053,invalid or placeholder parcel number
BU2025-03429,2025-11-12,"574 SAND DUNES DR KANNAPOLIS, NC 28081",154I056,154056,invalid or placeholder parcel number
BU2025-03395,2025-11-07,"350 W 18TH ST KANNAPOLIS, NC 28081",154I165,154165,invalid or placeholder parcel number
BU2025-03399,2025-11-07,"568 SAND DUNES DR KANNAPOLIS, NC 28081",154I057,154057,invalid or placeholder parcel number
BU2025-03405,2025-11-07,"344 W 18TH ST KANNAPOLIS, NC 28081",154I166,154166,invalid or placeholder parcel number
BU2025-03408,2025-11-07,"209 W 17TH ST KANNAPOLIS, NC 28081",159 029,159029,invalid or placeholder parcel number
BU2025-03409,2025-11-07,"203 W 17TH ST KANNAPOLIS, NC 28081",159 030,159030,invalid or placeholder parcel number
BU2025-03377,2025-11-06,"743 JACK ST KANNAPOLIS, NC 28081",154 093,154093,invalid or placeholder parcel number
BU2025-03378,2025-11-06,"1209 E 11TH ST KANNAPOLIS, NC 28083",151 035A,151035,invalid or placeholder parcel number
BU2025-03285,2025-10-29,"102 W 18TH ST KANNAPOLIS, NC 28081",159 011,159011,invalid or placeholder parcel number
BU2025-03223,2025-10-23,"920 N CANNON BLVD KANNAPOLIS, NC 28083",150 099,150099,invalid or placeholder parcel number
BU2025-03224,2025-10-23,"1505 ARDEN AVE KANNAPOLIS, NC 28081",153 127,153127,invalid or placeholder parcel number
BU2025-03191,2025-10-22,"281 W 18TH ST KANNAPOLIS, NC 28081",154I012,154012,invalid or placeholder parcel number
BU2025-03197,2025-10-22,"562 SAND DUNES DR KANNAPOLIS, NC 28081",154I058,154058,invalid or placeholder parcel number
BU2025-03131,2025-10-15,"200 W 18TH ST KANNAPOLIS, NC 28081",159 005,159005,invalid or placeholder parcel number
BU2025-03109,2025-10-13,"338 W 18TH ST KANNAPOLIS, NC 28081",154I167,154167,invalid or placeholder parcel number
BU2025-03091,2025-10-10,"1101 S CHAPEL ST KANNAPOLIS, NC 28083",133 228,133228,invalid or placeholder parcel number
BU2025-03092,2025-10-10,"538 SAND DUNES DR KANNAPOLIS, NC 28081",154I062,154062,invalid or placeholder parcel number
BU2025-03097,2025-10-10,"257 W 18TH ST KANNAPOLIS, NC 28081",154I008,154008,invalid or placeholder parcel number
BU2025-03103,2025-10-10,"287 W 18TH ST KANNAPOLIS, NC 28081",154I013,154013,invalid or placeholder parcel number
BU2025-03085,2025-10-09,"263 W 18TH ST KANNAPOLIS, NC 28081",154I009,154009,invalid or placeholder parcel number
BU2025-03088,2025-10-09,"240 W 18TH ST KANNAPOLIS, NC 28081",154I179,154179,invalid or placeholder parcel number
BU2025-03044,2025-10-07,"332 W 18TH ST KANNAPOLIS, NC 28081",154I168,154168,invalid or placeholder parcel number
BU2025-03048,2025-10-07,"326 W 18TH ST KANNAPOLIS, NC 28081",154I169,154169,invalid or placeholder parcel number
BU2025-03050,2025-10-07,"1375 SANCTUARY ST KANNAPOLIS, NC 28083",158B011,158011,invalid or placeholder parcel number
BU2025-03029,2025-10-03,"3300 NEW LIFE LN KANNAPOLIS, NC 28083",158B022,158022,invalid or placeholder parcel number
BU2025-02900,2025-09-25,"228 W 18TH ST KANNAPOLIS, NC 28081",154I181,154181,invalid or placeholder parcel number
BU2025-02902,2025-09-25,"275 W 18TH ST KANNAPOLIS, NC 28081",154I011,154011,invalid or placeholder parcel number
BU2025-02903,2025-09-25,"269 W W. 18TH ST KANNAPOLIS, NC 28081",154I010,154010,invalid or placeholder parcel number
BU2025-02881,2025-09-24,"227 W 18TH ST KANNAPOLIS, NC 28081",154I003,154003,invalid or placeholder parcel number
BU2025-02883,2025-09-24,"252 W 18TH ST KANNAPOLIS, NC 28081",154I177,154177,invalid or placeholder parcel number
BU2025-02884,2025-09-24,"246 W 18TH ST KANNAPOLIS, NC 28081",154I178,154178,invalid or placeholder parcel number
BU2025-02888,2025-09-24,"234 W 18TH ST KANNAPOLIS, NC 28081",154I180,154180,invalid or placeholder parcel number
BU2025-02895,2025-09-24,"1762 PLAZA AVE KANNAPOLIS, NC 28081",159 394,159394,invalid or placeholder parcel number
BU2025-02872,2025-09-23,"537 SAND DUNES DR KANNAPOLIS, NC 28081",154I158,154158,invalid or placeholder parcel number
BU2025-02873,2025-09-23,"543 SAND DUNES DR KANNAPOLIS, NC 28081",154I159,154159,invalid or placeholder parcel number
BU2025-02874,2025-09-23,"549 SAND DUNES DR KANNAPOLIS, NC 28081",154I160,154160,invalid or placeholder parcel number
BU2025-02875,2025-09-23,"222 W 18TH ST KANNAPOLIS, NC 28081",154I182,154182,invalid or placeholder parcel number
BU2025-02880,2025-09-23,"221 W 18TH ST KANNAPOLIS, NC 28081",154I002,154002,invalid or placeholder parcel number
BU2025-02848,2025-09-22,"544 SAND DUNES DR KANNAPOLIS, NC 28081",154I061,154061,invalid or placeholder parcel number
BU2025-02855,2025-09-22,"251 W 18TH ST KANNAPOLIS, NC 28081",154I007,154007,invalid or placeholder parcel number
BU2025-02793,2025-09-17,"233 W 18TH ST KANNAPOLIS, NC 28081",154I004,154004,invalid or placeholder parcel number
BU2025-02794,2025-09-17,"245 W 18TH ST KANNAPOLIS, NC 28081",154I006,154006,invalid or placeholder parcel number
BU2025-02810,2025-09-17,"563 W 22ND ST KANNAPOLIS, NC 28081",155 114,155114,invalid or placeholder parcel number
BU2025-02762,2025-09-16,"239 W 18TH ST KANNAPOLIS, NC 28081",154I005,154005,invalid or placeholder parcel number
BU2025-02764,2025-09-16,"556 SAND DUNES DR KANNAPOLIS, NC 28081",154I059,154059,invalid or placeholder parcel number
BU2025-02765,2025-09-16,"550 SAND DUNES DR KANNAPOLIS, NC 28081",154I060,154060,invalid or placeholder parcel number
BU2025-02773,2025-09-16,"258 W 18TH ST KANNAPOLIS, NC 28081",154I176,154176,invalid or placeholder parcel number
BU2025-02776,2025-09-16,"1021 ELM ST KANNAPOLIS, NC 28081",148 061,148061,invalid or placeholder parcel number
BU2025-02789,2025-09-16,"215 W 18TH ST KANNAPOLIS, NC 28081",154I001,154001,invalid or placeholder parcel number
BU2025-02745,2025-09-15,"567 W 22ND ST KANNAPOLIS, NC 28081",152A014,152014,invalid or placeholder parcel number
BU2025-02672,2025-09-06,"292 W 18TH ST KANNAPOLIS, NC 28081",154I174,154174,invalid or placeholder parcel number
BU2025-02597,2025-08-30,"304 W 18TH ST KANNAPOLIS, NC 28081",154I172,154172,invalid or placeholder parcel number
BU2025-02598,2025-08-30,"526 SAND DUNES DR KANNAPOLIS, NC 28081",154I064,154064,invalid or placeholder parcel number
BU2025-02599,2025-08-30,"286 W 18TH ST KANNAPOLIS, NC 28081",154I175,154175,invalid or placeholder parcel number
BU2025-02596,2025-08-29,"532 SAND DUNES DR KANNAPOLIS, NC 28081",154I063,154063,invalid or placeholder parcel number
BU2025-02575,2025-08-28,"513 SAND DUNES DR KANNAPOLIS, NC 28081",154I154,154154,invalid or placeholder parcel number
BU2025-02577,2025-08-28,"1301 MT VERNON AVE KANNAPOLIS, NC 28083",158 035,158035,invalid or placeholder parcel number
BU2025-02578,2025-08-28,"316 W 18TH ST KANNAPOLIS, NC 28081",154I170,154170,invalid or placeholder parcel number
BU2025-02583,2025-08-28,"520 SAND DUNES DR KANNAPOLIS, NC 28081",154I065,154065,invalid or placeholder parcel number
BU2025-02574,2025-08-27,"501 SAND DUNES DR KANNAPOLIS, NC 28081",154I152,154152,invalid or placeholder parcel number
BU2025-02547,2025-08-26,"507 SAND DUNES DR KANNAPOLIS, NC 28081",154I153,154153,invalid or placeholder parcel number
BU2025-02537,2025-08-25,"310 W 18TH ST KANNAPOLIS, NC 28081",154I171,154171,invalid or placeholder parcel number
BU2025-02510,2025-08-21,"737 JACK ST KANNAPOLIS, NC 28081",154 094,154094,invalid or placeholder parcel number
BU2025-02514,2025-08-21,"1415 ARDEN AVE KANNAPOLIS, NC 28081",153 132,153132,invalid or placeholder parcel number
BU2025-02515,2025-08-21,"1413 ARDEN AVE KANNAPOLIS, NC 28081",153 132,153132,invalid or placeholder parcel number
BU2025-02518,2025-08-21,"731 JACK ST KANNAPOLIS, NC 28081",154 095,154095,invalid or placeholder parcel number
BU2025-02490,2025-08-20,"115 ARLENE AVE KANNAPOLIS, NC 28081",249C014,249014,invalid or placeholder parcel number
BU2025-02425,2025-08-13,"298 W 18TH ST KANNAPOLIS, NC 28081",154I173,154173,invalid or placeholder parcel number
BU2025-02383,2025-08-08,"1409 ARDEN AVE KANNAPOLIS, NC 28081",153 038,153038,invalid or placeholder parcel number
BU2025-02384,2025-08-08,"1595 SOLITUDE CT KANNAPOLIS, NC 28081",152A007,152007,invalid or placeholder parcel number
BU2025-02390,2025-08-08,"1585 SOLITUDE CT KANNAPOLIS, NC 28081",152A006,152006,invalid or placeholder parcel number
BU2025-02391,2025-08-08,"3330 NEW LIFE LN KANNAPOLIS, NC 28083",158B019,158019,invalid or placeholder parcel number
BU2025-02379,2025-08-07,"5975 TUCKASEEGEE RD KANNAPOLIS, NC 28081",,,missing parcel number
BU2025-02247,2025-07-29,"519 SAND DUNES DR KANNAPOLIS, NC 28081",154I155,154155,invalid or placeholder parcel number
BU2025-02251,2025-07-29,"531 SAND DUNES DR KANNAPOLIS, NC 28081",154I157,154157,invalid or placeholder parcel number
BU2025-02254,2025-07-29,"525 SAND DUNES DR KANNAPOLIS, NC 28081",154I156,154156,invalid or placeholder parcel number
BU2025-02255,2025-07-29,"514 SAND DUNES DR KANNAPOLIS, NC 28081",154I066,154066,invalid or placeholder parcel number
BU2025-02260,2025-07-29,"500 W 22ND ST KANNAPOLIS, NC 28081",155 200,155200,invalid or placeholder parcel number
BU2025-02207,2025-07-25,"1021 E 10TH ST KANNAPOLIS, NC 28083",151 423,151423,invalid or placeholder parcel number
BU2025-02212,2025-07-25,"3005 SWALLOWTAIL LN KANNAPOLIS, NC 28083",158B041,158041,invalid or placeholder parcel number
BU2025-02178,2025-07-24,"2710 TRAWLER WAY KANNAPOLIS, NC 28083",145 252,145252,invalid or placeholder parcel number
BU2025-02179,2025-07-24,"2715 TRAWLER WAY KANNAPOLIS, NC 28083",145 248,145248,invalid or placeholder parcel number
BU2025-02180,2025-07-24,"2700 TRAWLER WAY KANNAPOLIS, NC 28083",145 251,145251,invalid or placeholder parcel number
BU2025-02189,2025-07-24,"1200 FISHER SPRINGS LN KANNAPOLIS, NC 28083",145 257,145257,invalid or placeholder parcel number
BU2025-02193,2025-07-24,"712 LEAZER ST KANNAPOLIS, NC 28081",154 110,154110,invalid or placeholder parcel number
BU2025-02196,2025-07-24,"1210 FISHER SPRINGS LN KANNAPOLIS, NC 28083",145 259,145259,invalid or placeholder parcel number
BU2025-02197,2025-07-24,"1300 GLENN AVE KANNAPOLIS, NC 28081",142 013,142013,invalid or placeholder parcel number
BU2025-02161,2025-07-23,"2720 TRAWLER WAY KANNAPOLIS, NC 28083",145 249,145249,invalid or placeholder parcel number
BU2025-02162,2025-07-23,"2705 TRAWLER WAY KANNAPOLIS, NC 28083",145 247,145247,invalid or placeholder parcel number
BU2025-02163,2025-07-23,"1205 FISHER SPRINGS LN KANNAPOLIS, NC 28083",145 228,145228,invalid or placeholder parcel number
BU2025-02143,2025-07-21,"403 E 21ST ST KANNAPOLIS, NC 28083",161 096,161096,invalid or placeholder parcel number
BU2025-02088,2025-07-16,"1315 WINGED WAY KANNAPOLIS, NC 28083",158B002,158002,invalid or placeholder parcel number
BU2025-02097,2025-07-16,"1300 GLENN AVE KANNAPOLIS, NC 28081",142 013,142013,invalid or placeholder parcel number
BU2025-02034,2025-07-10,"1600 SOLITUDE CT KANNAPOLIS, NC 28081",152A008,152008,invalid or placeholder parcel number
BU2025-02035,2025-07-10,"706 LEAZER ST KANNAPOLIS, NC 28081",154 111,154111,invalid or placeholder parcel number
BU2025-02036,2025-07-10,"3165 LAVENDER LN KANNAPOLIS, NC 28083",158B025,158025,invalid or placeholder parcel number
BU2025-02037,2025-07-10,"1575 SOLITUDE CT KANNAPOLIS, NC 28081",152A005,152005,invalid or placeholder parcel number
BU2025-01957,2025-07-02,"2209 HARKEY AVE KANNAPOLIS, NC 28081",155 199,155199,invalid or placeholder parcel number
BU2025-01958,2025-07-02,"2201 HARKEY AVE KANNAPOLIS, NC 28081",155 201,155201,invalid or placeholder parcel number
BU2025-01865,2025-06-23,"2105 FOWLER ST KANNAPOLIS, NC 28083",144A02204,14402204,invalid or placeholder parcel number
BU2025-01846,2025-06-20,"409 OAK CIR KANNAPOLIS, NC 28081",148 166,148166,invalid or placeholder parcel number
BU2025-01748,2025-06-12,"2673 BRADY AVE KANNAPOLIS, NC 28083",162 152,162152,invalid or placeholder parcel number
BU2025-01749,2025-06-12,"2653 BRADY AVE KANNAPOLIS, NC 28083",162 151,162151,invalid or placeholder parcel number
BU2025-01724,2025-06-10,"1002 FAIRWAY DR KANNAPOLIS, NC 28081",141 060,141060,invalid or placeholder parcel number
BU2025-01711,2025-06-09,"1570 SOLITUDE CT KANNAPOLIS, NC 28081",152A010,152010,invalid or placeholder parcel number
BU2025-01630,2025-06-04,"2417 SUMMIT AVE KANNAPOLIS, NC 28081",160 058,160058,invalid or placeholder parcel number
BU2025-01566,2025-05-30,"2406 BROOKSIDE AVE KANNAPOLIS, NC 28081",160 292,160292,invalid or placeholder parcel number
BU2025-01513,2025-05-27,"2521 ECHERD ST KANNAPOLIS, NC 28083",145A206,145206,invalid or placeholder parcel number
BU2025-01429,2025-05-15,"1305 WINGED WAY KANNAPOLIS, NC 28083",158B001,158001,invalid or placeholder parcel number
BU2025-01408,2025-05-13,"2401 BROOKVIEW AVE KANNAPOLIS, NC 28081",160 062,160062,invalid or placeholder parcel number
BU2025-01401,2025-05-12,"2675 TRAWLER WAY KANNAPOLIS, NC 28083",145 244,145244,invalid or placeholder parcel number
BU2025-01369,2025-05-08,"1302 PUMP STATION RD KANNAPOLIS, NC 28081",142 050,142050,invalid or placeholder parcel number
BU2025-01372,2025-05-08,"335 ROSEMONT AVE KANNAPOLIS, NC 28081",156 137,156137,invalid or placeholder parcel number
BU2025-01363,2025-05-07,"509 W 9TH ST KANNAPOLIS, NC 28081",149 072,149072,invalid or placeholder parcel number
BU2025-01307,2025-05-02,"2660 TRAWLER WAY KANNAPOLIS, NC 28083",145 256,145256,invalid or placeholder parcel number
BU2025-01311,2025-05-02,"2670 TRAWLER WAY KANNAPOLIS, NC 28083",145 254,145254,invalid or placeholder parcel number
BU2025-01316,2025-05-02,"2690 TRAWLER WAY KANNAPOLIS, NC 28083",145 252,145252,invalid or placeholder parcel number
BU2025-01320,2025-05-02,"2680 TRAWLER WAY KANNAPOLIS, NC 28083",145 253,145253,invalid or placeholder parcel number
BU2025-01288,2025-05-01,"1325 WINGED WAY KANNAPOLIS, NC 28083",158B003,158003,invalid or placeholder parcel number
BU2025-01302,2025-05-01,"2695 TRAWLER WAY KANNAPOLIS, NC 28083",145 246,145246,invalid or placeholder parcel number
BU2025-01303,2025-05-01,"475 CONTENTMENT CT KANNAPOLIS, NC 28081",152A016,152016,invalid or placeholder parcel number
BU2025-01272,2025-04-30,"1019 E 10TH ST KANNAPOLIS, NC 28083",151 425,151425,invalid or placeholder parcel number
BU2025-01275,2025-04-30,"470 CONTENTMENT CT KANNAPOLIS, NC 28081",152A014,152014,invalid or placeholder parcel number
BU2025-01278,2025-04-30,"1335 WINGED WAY KANNAPOLIS, NC 28083",158B004,158004,invalid or placeholder parcel number
BU2025-01279,2025-04-30,"1560 SOLITUDE CT KANNAPOLIS, NC 28081",152A011,152011,invalid or placeholder parcel number
BU2025-01165,2025-04-17,"2685 TRAWLER WAY KANNAPOLIS, NC 28083",145 245,145245,invalid or placeholder parcel number
BU2025-01025,2025-04-08,"465 CONTENTMENT CT KANNAPOLIS, NC 28081",152A017,152017,invalid or placeholder parcel number
BU2025-01010,2025-04-07,"460 CONTENTMENT CT KANNAPOLIS, NC 28081",152A013,152013,invalid or placeholder parcel number
